Column1,Column2
-0.424351968218275,0.2672612419124244
1.0394405353918026,-1.0690449676496976
1.2907988440925229,-1.0690449676496976
-0.59438847116288,0.2672612419124244
-1.3114989401031705,1.6035674514745462
